cell,encoding
AND2X1,ca9aa7bi8aa7ca9ca2ah9ca2
AND2X2,ca9aa7bb5aa7ca9ca2aa0ca2aa0ca2
AND2X4,ca9aa7cd7aa7ca9aa1bh4bb7bh4aa1bh4bb7bh4aa1
AND3X1,ca9aa7bi8ba6bi8aa7ca9ca2aj1ca2
AND3X2,be2aa7bi8ba6bi8aa7be2ca2ad1ca2ad1ca2
AND3X4,be2aa7bi8ba6bi8aa7be2ca2bd3bb7bd3ca2bd3bb7bd3ca2
AND4X1,be2aa7bi8ba6bi8aa7bi8ba6be2bj7ah9bj7
AND4X2,be2aa7bi8ba6bi8aa7bi8ba6be2bb5ah9bb5ac7aa7ac7ca2af8aa1af8aa1
AND4X4,be2aa7bi8ba6bi8aa7bi8ba6be2bb5ah9bb5bj7aa0bj7bh9ac7bh9bj7bh9ac7bh9bj7
ANTENNA,ab3
AO21X1,ca6cb7cd7aa7ca6ae5ca6bj7ad1bj7
AO21X2,ca6aa7cd7cb7ca6ae5ca6be7ba6be2ba6cd1
AO221X1,cd6cb7bi8aa0cd6cb7bg9ae5ca1cd6bc8cd6cc7af8cc7
AO221X2,cd6bc8bi8bg8cd6bc8bg9ca3cd6bj5bc8bj5be7ad1be2ad1ai3
AO222X1,ca1ac1bi8bh4ca1ac1bg9bf5ca1ca6bc8cd7ah8cd6ca9af8cc7
AO222X2,cd6aa7bi8ah5cd6cb7ah8ae5cd6ca6aa7cd7bg8cd6be7ad1be2ad1ai3
AO22X1,ca1aa7bi8ah9bg1bh4ah8ae5ca1cc7ad1cc7
AO22X2,cd6cc5bi8cb7cc3aa0aj4ae5cd6be7ba6bb5ba6cc7
AOI21X1,ca6cb7ca6cb7ca6ae5ca6ac1ca6ca9bd3bd2
AOI21X2,ca6aa7ca6cb7ca6ae5ca6aa7ca6be7ba6bb5ba6cc7
AOI221X1,bg1cc5bi8bh4cd6cc5ah8bf5cd6ca6bc8ca6cd7bc8cd7bc1bd3bf1
AOI221X2,bg1ac1bi8ba6cd6be0ah8ae5cd6bj5bc8bj5ba9be0cc7be7ba6bb5ba6cc7
AOI222X1,cd6cb7bi8ba6cd6be0ah8ae5cd6ca6bc8cd7ba6bc7cd7cb7cd7ad5bd3bd2
AOI222X2,cd6bc8bi8ab5bj5bc8bg9ae5cd6bc8cd7ab5bj5cd6be0cd6be7ba6bb5ba6cc7
AOI22X1,cd6cc5bi8ai4cd6bh4bg9bf5cd6ca6ac1ca6ca9ad1cc7
AOI22X2,cd6cc5bi8cc5cd6bh4bg9ca3cd6bd2aa7cd6be7ba6bb5ba6cc7
BSLEX1,ai4ab0ai4cd1aa2cd1
BSLEX2,bg0ab0bg0cd1aa2cd1aa2cd1
BSLEX4,ad5ab0ad5cd1aa2cd1aa2cd1aa2cd1aa2cd1
BUSKP,ca9aj1af0ca7af2ah2af2bf5
CGLNPRX2,ac6ah2ca7ad1ah4ab1ab0be1af9bj5ah0ad2ai1bd9ca7bc9ae2af0ah0bc9be7ah9ab1aj4ae2ab1bc4ah0ca7ad1bb3bd2ae2bd5ab0bd2
CGLNPRX8,cc9bj3bb3ad1ah4bd4ab0be1af9bj5ah0ad2ai1bd9ca7bc9ae2af0ah0bc9be7ah9ab1aj2ae2ab1bc4ah0ca7ad1bf1bd2ae2bd5ab0bd2ab0bd5ab0bd2ab0bd5ab0bd2ab0bd5ab0bd2
CGLNPSX16,ag1ab0bd6aj2ac9ae7ae2bj1ad1be7bd7aa2bd7bc0ad1bi3aa2bj3aa7ac9bi9ah5aa3bj3ah0be5af5ab0bj3af8ab9ad5aa0cb5aa0ad5aa0cb5aa0ad5aa0cc8aa0ad5aa0cb5aa0ad5aa0cb5aa0ad5aa0cb5aa0ad5aa0cb5aa0ad5aa0cb5aa0ad5aa0cb5aa0ad5aa0cb5aa0ad5aa0cb5aa0bc1
CGLNPSX2,ag1ab0bd6aj2ac9ae7ae2cd7ad1bi4bd7aa2aj4bc0ad1bi3aa2bj3aa7ac9bi9bi5cc0ac4ah0ae1af5ab0ac4ai4af3bc5aa0cb2aa0bj5
CGLNPSX4,ag1ab0bd6ad4ac9ae7ae2bj1ad1bi4bd7aa2bg6bc0ad1bi3aa2bj3aa7ac9bi9bi5cc0ac4ah0ae1af5ab0ac4cc0bj8ad5aa0cb5aa0ad5aa0cb5aa0bc1
CGLNPSX8,ag1ab0bd6ad4ac9ae7ae2bj1ad1bi4bd7aa2bg6bc0ad1bi3aa2bj3aa7ac9bi9bi5ah9bj3ah0ca5ba8ab0bj3ah9be1ad5aa0cb5aa0ad5aa0cb2aa0ad5aa0cb2aa0ad5aa0cb2aa0bc1
CGLPPRX2,cc9bd0aj8ad1cc9bd4bf5ac5ae2bj0ab0ab8ai1bj1ab0cd3ae2ab2ah0aa7bc9ad7af8be7bc4bi6ad1aa0bc4bd2ae2bd2ab0bd2
CGLPPRX8,cc9bd0aj8ad1cc9ab1ab0ab2af9bj0ah0ab8ai1bj1ah0cd3ae2cd3ah0aa7bc9ad7af8be7bb3aa2ad1aa0be7bd2ae2bd5ab0bd2ab0bd5ab0bd2ab0bd5ab0bd2ab0bd5ab0bd2
CGLPPSX16,ag1ab0bd6bc7af9ae7ai1bj1ad1bi4bd7aa2bd7bc0ad1bi3aa2aj5ad1aa2aj9cd7ad1af1cd7ah2bd0ad1cb8ag3ab0ca7bc8ac5bc5aa0bh6aa0bc5aa0bh6aa0bc5aa0bh6aa0bc5aa0bh6aa0bc5aa0bh6aa0bc5aa0bh6aa0bc5aa0bh6aa0bc5aa0bh6aa0bc5
CGLPPSX2,ag1ab0bd6bc7af9ae7ai1bj1ad1bi4bd7aa2bg6bj8ad1bi3aa2aa6ad1aa2aj9cd7ad1cb1bg8ah2bd0ad1ab2ag3ab0ca7bc8be1bc5aa0ab6aa0bj5
CGLPPSX4,ag1ab0bd6bc7af9ae7ai1bj1ad1bi4bd7aa2aj4bc0ad1bi3aa2aj5ad1aa2aj9cd7ad1cb1cd7ah2bd0ad1cb8ag3ab0ca7bc8ab9bc5aa0bh6aa0bc5aa0bh6aa0bc5
CGLPPSX8,ag1ab0bd6bc7af9ae7ai1ai0ad1bi4bd7aa2bd7bc0ad1bi3aa2aj5ad1aa2aj9cd7ad1af1bg8ah2bd0ad1cb8ag3ab0ca7bc8be1bc5aa0bh6aa0bc5aa0bh6aa0bc5aa0bh6aa0bc5aa0bh6aa0bc5
CLOAD1,aa1aj1ca2
DCAP,ca9bf3aa1
DEC24X1,bc8aa3bj2aa6ah0af8ba6bj2bc8af8ah0aa6bj2aa3cb7bg3ae0be3ah0cd5cc1aa3bj2aa6ad1af8ah2bj2ah0aa0ad1bb0bj2aa3ac1
DEC24X2,bj2aa3bc8aa3bj2aa6ah0af8ba6bj2bc8af8ah0aa6bj2aa3cb7aa3bj2bg3ae0be3ah0cd5bj2aa3cc1aa3bj2aa6ad1af8bb3bj2ah0aa0ad1bb0bj2aa3ac1aa3bj2
DELLN1X2,bc8bf2cc1be3ab3ab0be3cb7bf2cb7ae9aa0ab0ab9ae1aj1ae1aa1aj1ac7aj1aa1
DELLN2X2,cc0bf2cb7ae9aa0ab0af5bc8bf2bc8bb8bb2ab0ca1bi3bf2cc1ag2ac9ab0bh2ae1aa3ae1bj7aa3ac7aa3bj7
DELLN3X2,cc1bf2bc8be1aa0ab0ai6cc1bf2bc8be1bf3ab0ai6ab5bf2ab5aj5bb2ab0aj3bc8bf2bc8bb8aa0ab0ca1cc1bf2cc1af7ac9ab0af7ae1aj1ae1aa1aj1ac7aj1aa1
DFFARX1,bc6ai4ab3ag1ab0bd6af9bf4ad1ae7ai1aj5ag9ai6bi6ca4ad1ab5bf5aj8cb4bb9bf5cc3aa3ca4ai1ab9ae3ah3bf8ae5bd0ac1bi7ah2bh7aa0cd2ah1ai2aa0ab6aa0bb8
DFFARX2,bc6ai4bi2ag1ab0bd6af9bf4ad1ae7ai1aj5ag9ai6bi6ca4ad1ab5ae5aj8cb4bb9ah8cc3af8bg3ai1ab9be9ah3bf8ae5bd0ac1bi7be9cc2aa0cd2ah1bb7aa0ai2aa0ba1aa0bh0aa0ab6
DFFASRX1,bc6ai4bi2ag1ab0ab9af9bc7ad1ae7ai1aj5ag9ai6bi6ca4ad1ab5ae5aj8cb4bb9cb4ag3af8aj8ab0be1bc8ab9ae0ah3bf8ae5bd0ac1bi7ae5bh7aa0bg8ae2ac4cd2ah1ai2aa0ab6aa0bb8
DFFASRX2,bc6ai4ab3ag1ab0bd6af9bc7ad1ae7ai1aj5ag9ai6bi6ca4ad1ab5ae5aj8cb4bb9cb4ag3af8aj8ab0be1bc8ab9ae0ah3bf8ae5bd0ac1bi7ah2cc2aa0bg8ae2ac4cd2ah1bb7aa0ai2aa0ba1aa0bh0aa0ab6
DFFASX1,bc6ai4ab3ag1ab0bd6af9bc7ad1ae7ai1aj5ag9ai6bi6bg3ad1ad3bg1ah5ag3af8aj8ab0be1bb3ab9ae0ah3bf8bh9ah1be9bh7aa0bg8af8ac4cc0ah1ai2aa0ab6aa0bb8
DFFASX2,bc6ai4bi2ag1ab0ab9af9bc7ad1ae7ai1aj5ag9ai6bi6bg3ad1ad3bg1ca3ag3af8aj8ab0be1bb3ab9ae0ah3bf8bh9ah1bi6bh7aa0bg8af8ac4cc0ah1bb7aa0ai2aa0ba1aa0bh0aa0ab6
DFFNARX1,bc6ai4ab3ag1ab0bd6ac9bf4ad1ae7ae2aj5ag9ai6bi6ca4ad1ab5ae5aj8cb4bb9cc6cc3af8ca4ai1ab9be9ah3bf8ca3bd0ac1bi7be9bh7aa0cd2ah1ai2aa0ab6aa0bb8
DFFNARX2,bc6ai4bi2ag1ab0bd6ac9bf4ad1ae7ae2aj5ag9ai6bi6ca4ad1ab5ae5aj8cb4bb9ah8cc3af8bg3ai1ab9be9ah3bf8ae5bd0ac1bi7be9cc2aa0cd2ah1bb7aa0ai2aa0ba1aa0bh0aa0ab6
DFFNASRNX1,bc6ai4bi2ag1ab0bd6ac9bf4ad1ae7ae2aj5ag9ai6bi6ca4ad1ab5bf5aj8ba6bb9ba6ag3ai4aj8ab0be1ad1ab9ae0ah3bf8ae5bd0ac1bi7ah2bh7aa0bg8ae2ac4cd2ah1ab6aa0bb8
DFFNASRNX2,bc6ai4bi2ag1ab0bd6ac9bf4ad1ae7ae2aj5ag9ai6bi6ca4ad1ab5ae5aj8ba6bb9ba6ag3ai4aj8ab0be1ad1ab9ae0ah3bf8ae5bd0ac1bi7ae5bh7aa0bg8ae2ac4cd2ah1bj7aa0bb7aa0bb7
DFFNASRQX1,bc6ai4bi2ag1ab0bd6ac9bf4ad1ae7ae2aj5ag9ai6bi6ca4ad1ab5ae5aj8ba6bb9ba6ag3ai4aj8ab0be1ad1ab9ae0ah3bf8ae5bd0ac1bi7ae5bh7aa0bg8ae2ac4cd2ah1ai2aa0ab6
DFFNASRQX2,bc6ai4bi2ag1ab0bd6ac9bf4ad1ae7ae2aj5ag9ai6bi6ca4ad1ab5ae5aj8ba6bb9ba6ag3ai4aj8ab0be1ad1ab9ae0ah3bf8ae5bd0ac1bi7ae5cc2aa0bg8ae2ac4cd2ah1bb7aa0bb7aa0bb7
DFFNASRX1,bc6ai4bi2ag1ab0bd6ac9bf4ad1ae7ae2aj5ag9ai6bi6ca4ad1ab5bf5aj8ba6bb9ba6ag3ai4aj8ab0be1ad1ab9ae0ah3bf8ae5bd0ac1bi7ae5bh7aa0bg8ae2ac4cd2ah1ai2aa0ab6aa0bb8
DFFNASRX2,bc6ai4ab3ag1ab0bd6ac9bf4ad1ae7ae2aj5ag9ai6bi6ca4ad1ab5ae5aj8ba6bb9ba6ag3ai4aj8ab0be1ad1ab9ae0ah3bf8ae5bd0ac1bi7ae5cc2aa0bg8ae2ac4cd2ah1bb7aa0ai2aa0ba1aa0bh0aa0ab6
DFFNASX1,bc6ai4ab3ag1ab0bd6ac9bf4ad1ae7ae2aj5ag9ai6bi6bg3ad1ba6bg1ba6ag3cc5aj8ab0be1ad1ab9ae0ah3bf8cc0ah1bi6bh7aa0bg8af8ac4cc6ah1ai2aa0ab6aa0bb8
DFFNASX2,bc6ai4bi2ag1ab0bd6ac9bf4ad1ae7ae2aj5ag9ai6bi6bg3ad1ba6bg1ba6ag3cc5aj8ab0be1ad1ab9ae0ah3bf8cc0ah1bi6cc2aa0bg8af8ac4cc6ah1bb7aa0ai2aa0ba1aa0bh0aa0ab6
DFFNX1,bc6ai4ab3ag1ab0bd6ac9bf4ad1ae7ae2aj5ag9ai6bi6bg3ad1cb4bg1ae5cc3bh9be1ai1ab9be9ah3bf8cc0ah1ab0bh7aa0ab0ah1ai2aa0ab6aa0bb8
DFFNX2,bc6ai4ab3ag1ab0bd6ac9bf4ad1ae7ae2aj5ag9ai6bi6bg3ad1cb4bg1cc6cc3af8be1ai1ab9be9ah3bf8cc0ah1bi6cc2aa0ab0ah1bb7aa0ai2aa0ba1aa0bh0aa0ab6
DFFSSRX1,aj7cc0bj9ae0bh2ac1ac3ba6af3cc5bi9af9ca5ab0bb0bd3bc0ac9bj9ag9bj9be9af3bc8bf2cb8ca1ba6bg8ab0cb8ag9aj9aa2bg8ah9ae0ca3bj3ca3ab0bj5bb7bh4ad4aj1bb8
DFFSSRX2,aj7cc0bj9ae0bh2ac1ac3ba6af3cc5bi9af9ca5ab0bb0bd3bc0ac9bj9ag9bj9be9af3bc8bf2cb8ca1ba6bj8ab0cb8ag9aj9aa2bg8ah9ae0ca3bj3ca3ab0bj5bb7aa0ai2aa0ba1aa0bh0aa0ab6
DFFX1,bc6ai4ab3ag1ab0bd6af9bc7ad1ae7ai1aj5ag9ai6bi6bg3ad1cb4bg1ab0cc3bh9be1ai1ab9be9ah3bf8cc0ah1bi6bh7aa0ab0ah1ai2aa0ab6aa0bb8
DFFX2,bc6ai4ab3ag1ab0bd6af9bc7ad1ae7ai1aj5ag9ai6bi6bg3ad1cb4bg1cc6cc3af8be1ai1ab9be9ah3bf8cc0ah1bi6cc2aa0ab0ah1bb7aa0ai2aa0ba1aa0bh0aa0ab6
FADDX1,bj3ac1bf5cc0bj3bh4bf3cc0ac1bf5ac1bf5cc0bf9bh4bf5ab5ah8bh4cc0ac1bf5ba6aa3ai0aa3be0
FADDX2,bj3ac1ai0cc5bj3ah8bf3cc5ac1ai0ac1bf5cc5ai0ah8bf5bg9bj8ah8cc5ac1ai0aa3ba6aa3ai0aa3be0aa3ai0
HADDX1,ai0cc5ae4ba6bf3cb7ai0bg8cc5ai0ba6ab4ab3ah9bf5ad1bf5
HADDX2,ai0cc0ae4ba6bf3cb7ai0bg8cc0ai0ba6ab4bf5aa3ba6aa3bf5aa3cc0aa3bf5
IBUFFX16,bj7aa3ac7bj7aa3ac7aa3bj7aa3ac7bj7aa3ac7aa3bj7aa3ac7aa3bj7aa3ac7aa3bj7aa3ac7aa3bj7aa3ac7aa3bj7aa3ac7aa3bj7aa3ac7aa3bj7aa3ac7aa3bj7
IBUFFX2,cd3aj1ca5ab2aj1bg0aa1aj1ac7aj1aa1
IBUFFX32,aa1aj1ac7aj1aa1ac7aj1aa1aj1ac7aj1aa1aj1ac7aj1aa1aj1ac7aa1aj1ac7aj1aa1aj1ac7aj1aa1aj1ac7aj1aa1aj1ac7aj1bj7aj1ac7aj1aa1aj1ac7aj1aa1aj1ac7aj1aa1aj1ac7aj1aa1aj1ac7aj1aa1aj1ac7aj1aa1aj1ac7aj1aa1aj1ac7aj1aa1aj1ac7aj1aa1aj1ac7aj1aa1aj1ac7aj1aa1aj1ac7aj1aa1
IBUFFX4,cd3aa3be7ac7aa3aa1bj7aa3ac7aa3bj7aa3ac7aa3bj7
IBUFFX8,ae1ai4cb8bj7aa3ac7aa3bj7aa3ac7aa3bj7aa3ac7aa3bj7aa3ac7aa3bj7aa3ac7aa3bj7
INVX0,bh8ai4cb9
INVX16,aa1aj1ac7aj1aa1aj1ac7aj1aa1aj1ac7aj1aa1aj1ac7aj1aa1aj1ac7aj1aa1aj1ac7aj1aa1aj1ac7aj1aa1aj1ac7aj1aa1
INVX1,aa1aj1ac7
INVX2,bj7aa3ac7aa3bj7
INVX32,aa1aj1ac7aj1aa1aj1ac7aj1aa1aj1ac7aj1aa1aj1ac7aj1bj7aj1ac7aj1aa1aj1ac7aj1aa1aj1ac7aj1aa1aj1ac7aj1aa1aj1ac7aj1aa1aj1ac7aj1aa1aj1ac7aj1aa1aj1ac7aj1aa1aj1ac7aj1aa1aj1ac7aj1aa1aj1ac7aj1aa1aj1ac7aj1aa1
INVX4,bj7aa3ac7aa3bj7aa3ac7aa3bj7
INVX8,bj7aa3ac7aa3bj7aa3ac7aa3bj7aa3ac7aa3bj7aa3ac7aa3bj7
ISOLANDAOX1,ad9bj3ad9ca8ca7ca8ca7ca8ai0ca8ai0ca8bf0ah8bf0ah8ba7cc0
ISOLANDAOX2,bf0bj3ad9ac1bf9ca8bf9ca8bf5ah9bf5ca8bc4bg9bc4bg9ad7bg9bc4bg9ad7cc0
ISOLANDAOX4,ad9bj3ad9ca8bb3ca8bb3ca8bh3ca8bh3ca8ba7ac4ba7ac4ba7ac4ba7ac4ba7ac4ba7ac4ba7ac4ba7ac4ba7cc0
ISOLANDAOX8,bf0bj3ad9ca8ah2ca8ah2ca8bh3ca8bh3ca8ad7ac4ad7ac4bf6ac4ad7ac4bf6ac4ad7ac4bf6ac4ad7ac4bf6ac4ad7ac4bf6ac4ad7ac4bf6ac4ad7ac4bf6ac4ad7ac4bf6cc0
ISOLANDX1,bb5ba6bb5ca9cc0bb5aa7ca9ca2ah9ca2
ISOLANDX2,bb5ba6bb5ca9aa0cd7aa7ca9aa1aa0bb7aa0aa1
ISOLANDX4,bb5ba6bb5ca9bh4bi8aa7ca9ca2bh4bb7bh4ca2bh4bb7bh4ca2
ISOLANDX8,bb5ba6bb5ca9bh4bi8aa7ca9ca2bh4bb7bh4ca2bh4bb7bh4ca2bh4bb7bh4ca2bh4bb7bh4ca2
ISOLORAOX1,bb5aa7bb5af8bb5ad7ai0ca8ai0ad7ai0ca8ai0ad7af2ad7af2ad7cc0
ISOLORAOX2,bb5aa7bb5af8bb5ad7ai0ad7ai0ad7ai0ad7ai0ad7af2ad7af2ad7af2ad7af2ad7cc0
ISOLORAOX4,bb5aa7bb5af8bb5ad7ai0ca8ai0ad7ai0ca8ai0ad7bc4af2ad7af2bc4af2ad7af2bc4af2ad7af2bc4af2ad7af2bc4cc0
ISOLORAOX8,bb5aa7bb5af8bb5ad7ai0ad7ai0ad7ai0ad7ai0ad7ai0ad7ai0ad7bc4af2ad7af2bc4af2ad7af2bc4af2ad7af2bc4af2ad7af2bc4af2ad7af2bc4af2ad7af2bc4af2ad7af2bc4af2ad7af2bc4cc0
ISOLORX1,ac7ba6bf5ba6bd2ac7aj1bj7
ISOLORX2,cc7ba6ai0ba6cc7ae8aj1bd2aj1ae8
ISOLORX4,cc7ba6ai0ba6cc7bd2aa3cc7aa3cc7aa3cc7aa3cc7
ISOLORX8,bb5ba6bb5ba6bb5ba6bb5ba6bb5bb7bh4ac7bh4bb7bh4ac7bh4bb7bh4ac7bh4bb7bh4ac7bh4bb7
LARX1,bd4ab0bg4ac9bi4bc6cc0aj8ad1bg3af3aa2af3be9ab4ad1ah5bh7be9bh7aa2bh7aa0ca7ah2bg9bh6aa0bb8aa0bb8
LARX2,bd4ab0bg4ac9bi4bc6cc0aj8ad1bg3af3aa2af3be9ab4ad1bi3bh7be9bg9aa2bg9aa0ca7ah2ca7bb8aa0ai2aa0bb8aa0bb8aa0bb8
LASRNX1,bd4ab0bd6ac9bi4cb6bc8bd0ac9be1aa9be9cb1cd2aa7ad1ac4ai0aa7be9ad1cd2cc2af9ca7ab0ba8be8ab0ag2
LASRNX2,bd4ab0bd6ac9bi4cb6bc8bd0ac9be1aa9be9cb1cd2aa7ad1ac4ai0aa7be9ad1cd2cc2af9ca7ab0ba8be8ab0bc5ab0be8
LASRQX1,bd4ab0bd6ac9bi4cb6bc8bd0ac9be1aa9be9ah3aa3aa7bf3ac4bf9ab5be9bg8aa3cc2bf3ca7ab0ba8bh6ba6be8
LASRQX2,bd4ab0bd6ac9bi4cb6bc8bd0ac9be1aa9be9ah3aa3aa7bf3ac4bf9ab5be9bg8aa3cc2bf3ca7ab0ba8bh6ba6be8ba6be2
LASRX1,bd4ab0bd6ac9bi4cb6bc8bd0ac9be1aa9be9cb1cd2aa7ad1ac4ai0aa7be9ad1cd2cc2aa0ca7ab0ba8bh6aa0bb8aa0bb8
LASRX2,bd4ab0bd6ac9bi4cb6bc8bd0ac9be1aa9be9cb1cd2cc5ad1ac4ai0cc5be9ad1cd2bb1aa0ca7ab0ba8bb8aa0ai2aa0bb8aa0bb8aa0bb8
LASX1,bd4ab0bg4ac9bi4bb9aa3be1aa9be9bg3cb7ca7ad1aj8ca3ai5be9bh7cb7aj9bh7aa0ca7bh6aa0bb8aa0bb8
LASX2,bd4cc6bg4ac9bi4bb9aa3be1aa9be9bg3cd2ca7ad1aj8ae5ai5be9aj9cd2cc2aa0ca7bb8aa0bh6aa0bb8aa0bb8aa0bb8
LATCHX1,ab1ae5bg4ac9bi4af7aa3be1ab1aa2ca5be9ae9ad1ah5cc2be9ah5aa2ah5aj1bc7ai2aj1bb8aa0bb8
LATCHX2,ab1cc6bg4ac9bi4af7aa3be1ab1aa2cb1be9ae9ad1ah5cc2be9ah5aa2ah5aa3bc7bb8aa3bh6aa3bb8aa0bb8aa0bb8
LNANDX1,bb5ba6bb8aa0bb5aa7bb8aa7bb5
LNANDX2,ca9aa7bb5aa7ca9aa7bi8aa7ae8ca9aa7bb5aa7ca9aa0bi8aa0ae8
LSDNENCLSSX1,bb3ah9cb3cc3ah9bc1bg1af8bf1
LSDNENCLSSX2,bb3ah9cb3cc3ah9bc1bg1af8bf1af8bd2
LSDNENCLSSX4,bb3ah9cb3cc3ah9bc1ah1bh9bf1bh9cd7bh9bf1bh9cd7
LSDNENCLSSX8,bb3ah9cb3cc3ah9bc1ah1bh9bf1bh9cd7bh9bf1bh9cd7bh9cb9bh9bj5bh9cb9bh9bj5
LSDNENSSX1,bd2cb7bc1bg0aa3bc1ah9bg0aa3bc1aa3bf3aa3cd7aa3cd7aa3cd7bd2cc5bd2
LSDNENSSX2,bc1aa7bc1bg0aj1bc1ah9bg0bc1aa3bg0aa3bc1aa3cd7aa3bh6aa3cd7aa3cd7aa3cd7aa3cd7bc1be0bc1
LSDNENSSX4,bc1cb7bc1bg0aa3bc1ah9bg0bc1aa3bg0aa3bc1aa3bg0aa3bc1aa3cd7aa3bc1aa3bb0aa3bh6aa3cd7aa3cd7bc1aa3bc1
LSDNENSSX8,bc1aa7bc1bg0aj1bc1ah9bg0ah9bc1aa3bg0aa3bc1aa3bg0aa3bc1aa3bg0aa3bc1aa3bg0aa3bc1aa3bd2aa3bc1aa3bd2aa3bc1aa3bd2aa3bh6aa3cd7aa3cd7bc1be0bc1
LSDNSSX1,cd5bf2cd5cd1aa3be8
LSDNSSX2,ac3bf2bh2cd1aa3be8aa3cd1
LSDNSSX4,cc4aj1cc4cd1aj1be8aj1cd1aj1be8aj1cd1
LSDNSSX8,be8aa3be8aa3be8aa3be8aa3be8aa3be8aa3be8aa3be8aa3be8aa3be8aa3be8aa3be8aa3be8
MUX21X1,ae8ad1ah8be2ai0aa7be2af8ba6ae8ba9aa0cb5
MUX21X2,cd4ad1ai9be2af0aa7be2ba2aa7bb7bb8aa0bb7aa0bb7
MUX41X1,cb0ae5ab3aa2ag0be9ad1ai0bc8ba6bj1aa2af2be9cc5bd0bf5ah9cc0be9cc1ah0cc1ah0cc1aj3ah0bj3ah2aj1ah9
MUX41X2,cb0ae5ab3aa2bb0be9ad1ai0bc8bh4ad0aa2af2be9cc5ca7ae5af8cc0be9cc1ah0cc1ah0cc1aj3ah0bc8ah9ae0ah9
NAND2X0,ca9aa7bi8ba6ca9
NAND2X1,ca9cc0ae9aa7ca9bb5aa7bb5bh9bb5
NAND2X2,ca9aa7bi8cb7ca9bb5aa7bb5ca2bh9bb7bh9aa1
NAND2X4,ca9aa7cd7aa7ca9bj7aa0bj7bh9ac7bh9bj7bh9ac7bh9bj7
NAND3X0,ca9cb7bi8cb7bi8aa7ca9
NAND3X1,be2aa7bi8ba6bi8aa7be2bb5aa7bb5ca2bh9ca2
NAND3X2,be2aa7bi8ba6bi8aa7be2bb5aa7bb5ca2ba6ca2ba6ca2
NAND3X4,be2aa7bi8ba6bi8aa7be2bb5aa7bb5bj7bh9ac7bh9bj7bh9ac7bh9bj7
NAND4X0,ca9aa7bb5cb7bb5aa7bb5cb7ca9
NAND4X1,be2aa7bi8ba6bi8aa7bi8ba6be2bb5aa7bb5bj7ad1ac7
NBUFFX16,aa1aj1ac7aj1aa1aj1ac7aa1aj1ac7aj1aa1aj1ac7aj1aa1aj1ac7aj1aa1aj1ac7aj1aa1aj1ac7aj1aa1aj1ac7aj1aa1aj1ac7aj1aa1aj1ac7aj1aa1
NBUFFX2,ae1bf2ae1bj7aa3ac7aa3bj7
NBUFFX32,aa1aj1ac7aj1aa1aj1ac7aj1aa1aj1ac7aa1aj1ac7aj1aa1aj1ac7aj1aa1aj1ac7aj1aa1aj1ac7aj1bj7aj1ac7aj1aa1aj1ac7aj1aa1aj1ac7aj1aa1aj1ac7aj1aa1aj1ac7aj1aa1aj1ac7aj1aa1aj1ac7aj1aa1aj1ac7aj1aa1aj1ac7aj1aa1aj1ac7aj1aa1aj1ac7aj1aa1aj1ac7aj1aa1
NBUFFX4,ac7ah9aa1aj1ac7aj1aa1aj1ac7aj1aa1
NBUFFX8,aa1aj1ac7aj1aa1aj1ac7aj1aa1aj1ac7aj1aa1aj1ac7aj1aa1aj1ac7aj1aa1
NMT1,ae9ba6ae9
NMT2,ab7bh4ai0bh4ab7
NMT3,af0bh4bf9bh4bd0bh4bf9bh4af0
NOR2X0,ai2aa3ai0aa3ai2ae6aa3bc0ac7aa3aa1
NOR2X1,ai2aa3ai0aa3ai2ae6aa3bc0ac7aa3aa1
NOR2X2,ac7aa3ai0aa3ac7bd3aa3bc0ac7aa3bj7aa3ac7
NOR2X4,ai2aa3ca7aa3ai2bd3aa3bc0bb7aa3cd4aa3bb7aa3cd4aa3bb7
NOR3X0,ai2aa3bf5aa3bb3aa3bb7ah8cc5bf7ac7aa3bj7
NOR3X1,ai2aa3bf5aa3bb3aa3bb7ah8cc5bf7ac7aa3bj7
NOR3X2,ai2aa3bf5aa3bb3aa3cd4ah8cc5bf7ac7aa3cd4aa3ba3
NOR3X4,ai2aa3bf5aa3bb3aa3cd4ag5cc5ca8ac7aa3cd4aa3bb7aa3cd4aa3bb7
NOR4X0,ai2aa3ai0aa3ai0aa3ai0aa3cc4bi8cc5bf7ac7aa3cd4
NOR4X1,ai2aa3ai0aa3ai0aa3ai0aa3cc4bj9cc5bf7ac7aa3cd4
OA21X1,ag2aa7ae9bf5bh1ca1bc8ba9af8ag2
OA21X2,ag2aa7ae9bf5bh1cd6bc8ba9ag2af8ba9af8ag2
OA221X1,ag2aa7ae9bf5bh1aa7ae9be0ae9cc8aa7cc8ba9af8ag2
OA221X2,ag2aa7ae9bf5bh1aa7ae9be0ae9cc8aa7cc8ag2af8ba9af8ag2
OA222X1,ag2aa7ae9bf5bh1aa7ae9be0ae9cc8aa7cb6bf5ab7ba9af8ag2
OA222X2,ag2aa7ae9bf5bh1aa7ae9bc8ae9cc8aa7cb6bf5ab7ag2af8ba9af8ag2
OA22X1,ag2aa7ae9bf5bh1cc5ae9aa7ab4ba9af8ag2
OA22X2,ag2aa7ae9bf5bh1cc5ae9cc5ab4be2af8be9af8ag2
OAI21X1,ag2aa7ae9bf5bh1cd6bc8ba9bf5aa7bf5ba9af8ag2
OAI21X2,ag2aa7ae9bf5bh1cd6bc8ba9bf5aa7bf5ag2af8ba9af8ag2
OAI221X1,ag2aa7ae9bf5bh1aa7ae9be0ae9cc8aa7cc8aa7ag2ba9af8ag2
OAI221X2,ag2aa7ae9bf5bh1aa7ae9be0ae9cc8aa7cb6cc8aa7ag2af8ba9af8ag2
OAI222X1,ag2aa7ae9bf5bh1aa7ae9be0ae9cc8aa7cb6bf5ab7cc8aa7ag2ba9af8ag2
OAI222X2,ag2aa7ae9bf5bh1aa7ae9bc8ae9cc8aa7cb6bf5be1bb8ai4ag2af8ba9af8ag2
OAI22X1,ag2aa7ae9bf5bh1cc5ae9cc5ae9be2ai4ag2ba9af8ag2
OAI22X2,ag2aa7ae9bf5bh1cc5ae9cc5ae9bb5ai4ag2af8ba9af8ag2
OR2X1,cb8aj1aj8aj1bj0ac7aj1ad5
OR2X2,be8aj1aj8aj1af7aj0aj1bj0aj1ca9
OR2X4,be8aa3aj8aa3af7ae8aa3bj0aa3ag2aa3bj0aa3ag2
OR3X1,bb7aa3ai0aa3aj8aa3ai2bb7aa3cd4
OR3X2,bb7aa3ai0aa3aj8aa3bd2ac7bf2cd4bf2ac7
OR3X4,ai2aa3bh3aa3bf9aa3bh0bg8aa3ca8ac7aa3bj7ac7aa3cd4aa3ac7aa3cd4aa3ac7
OR4X1,ai2aa3bh3aa3bf9aa3bh3aa3cd4bf5aa3bc0ac7aa3cd4ac7aa3cd4
OR4X2,ai2aa3bh3aa3bf9aa3bh3aa3cc4bf5aa3ca8ac7aa3ag2ac7aa3aa1aa3ac7
OR4X4,ai2ah8bf5ah8bb3ah8bf5ah8cc4bc0aa3ca8ac7aa3cd4ae8aa3cd4aa3ae8aa3cd4aa3ae8
PGX1,cd1aa2cd1
PGX2,cd1aa2cd1aa2cd1
PGX4,cd1aa2cd1aa2cd1aa2cd1aa2cd1
PMT1,bd5aj1bd5
PMT2,bd2aa3bd2aa3bd2
PMT3,bd5aa3bd2aa3bd4aa3bd2aa3bd5
RDFFARX1,bi1ab0bc3ab4ac9cc1ae2bi9bd1ah9bj6bi5be0aa8bf9cb1bc3aa2ah9be5bi0aj0aa2aa3bg6bd8aa4bd1aa4ac9aa4be0ba8ab4be0af1bc3bf9ca7bd3bd9ab4ad1ab0ai5cd2ab4bc2ac1ai5ab3ah2ab4af9ab3ad1be3ac6ah9ca0ad1ac3ac4af6ah2ag5be6ah8bh5cc2bg7ah2bh3ag5ab5bb4ag5ab5bj4ag7ab0
RDFFARX2,bi1ab0bc3ab4ac9cc1ae2bi9bd1ah9bj6bi5be0aa8bf9cb1bc3aa2ah9be5bi0aj0aa2aa3bg6bd8aa4bd1aa4ac9aa4be0ba8ab4be0af1bc3bf9ca7bd3bd9ab4ad1ab0ai5cd2ab4bc2cc0ai5ab3ah2ab4af9ab3ad1be3ag8ah9ah4ah9bf7aa0bb6aa0ab6ac4af6ah2ag5be6ah8bh5cc2bg7ah2bh3ag5ab5bb4ag5ab5bj4ag7ab0
RDFFNARX1,bi1ab0bc3af9bi9ad1cd9ai1bi9bd1ah9bj6bi5be0aa8bf9cb1bc3aa2ah9be5bi0aj0aa2aa3bg6bd8aa4bd1aa4ac9aa4be0ba8ab4be0af1bc3bf9ca7bd3bd9ab4ad1ab0ai5cd2ab4bc2ac1ai5ab3ah2ab4af9ab3ad1be3ac6ah9ca0ad1ac3ac4af6ah2ag5be6ah8bh5cc2bg7ah2bh3ag5ab5bb4ag5ab5bj4ag7ab0
RDFFNARX2,bi1ab0bc3af9bi9ad1cd9ai1bi9bd1ah9bj6bi5be0aa8bf9cb1bc3aa2ah9be5bi0aj0aa2aa3bg6bd8aa4bd1aa4ac9aa4be0ba8ab4cc5af1bc3bf9ca7bd3bd9ab4ad1ab0ai5cd2ab4bc2cc0ai5ab3ah2ab4af9ab3ad1be3ag8ah9ah4ah9bf7aa0bb6aa0ab6ac4af6ah2ag5be6ah8bh5cc2bg7ah2bh3ag5ab5bb4ag5ab5bj4ag7ab0
RDFFNSRARX1,aa6aa0ai4ab1ab0cd8ac9cd8ad1ac2ae2af7aa2aa9ae3af3aa7bf3ca3ac4ae6bg5ac9ag0ac1af1ba4ag0cc6ai9ab3ah7ba0ai8aj3ba5cc6ae1ad2aj6ac5bb3bi9ba2ab0aj9af9ab8ca3ad4bd3aj2ac6bd3ac8ad1ac3ai7ag6ah5af0bf0cc6ac0af6ac4ad8ad9ah8ag5ab5ad6ab7ai5aa5ag7
RDFFNSRARX2,aa6aa0ai4ab1ab0cd8ac9cd8ad1ac2ae2af7aa2aa9ae3af3aa7bf3ah0ac4ae6bg5ac9ag0ac1af1ba4ag0ab0ai9ab3ah7ba0ai8aj3ba5ab0ae1ad2aj6ac5bb3bi9ba2ab0aj9af9ab8ca3ad4af8aj2ag8af8ah4af8cb2ad1bb6ad1ab6ai7ag6ah5af0bf0ab0ac0af6ac4ad8ad9bf3ag5ab5ad6ab7ai5aa5ag7
RDFFNSRASRNX1,aa6aa0bj1ab1ab0aa8ac9aa8ad1ac2ae2af7aa2aa9ae3af3aa7bf3ca3ac4ae6bh8ac9af5ac1bj3bf9af1ba4ag0cc6ai9ab3ah7ba0ai8aj3ba5cc6ae1ad2aj6ac5bb3ab4ba2aj8ah9bg9ad1bg2ab8ca3ad4bd3aj2ac6bd3ac8ai7ag6ah5af0bf0cc6ac0af6ac4ad8ad9bf3ag5ab5ad6ab7ai5aa5ag7
RDFFNSRASRNX2,aa6aa0bj1ab1ab0aa8ac9aa8ad1ac2ae2af7aa2aa9ae3af3aa7bf3cc6ac4ae6bh8ac9af5ac1bj3bf9af1ba4ag0ab0ai9ab3ah7ba0ai8aj3ba5ab0ae1ad2aj6ac5bb3ah1bi0aj8ah9bg9bh9ca4ab8ae5ad4bh9ab8ac6ah9ac8ah9ac6ai7aa5ah5af0bf0ab0ac0af6ac4ad8ad9ah5ag5ab5ad6ab7af1aa5ag7
RDFFNSRASRQX1,aa6aa0bj1ab1ab0aa8ac9aa8ad1ac2ae2af7aa2aa9ae3af3aa7bf3ca3ac4ae6bh8ac9af5ac1bj3bf9af1ba4ag0cc6ai9ab3ah7ba0ai8aj3ba5cc6ae1ad2aj6ac5bb3ab4ba2aj8ah9bg9ad1bg2ab8ca3ad4bd3aj2ac8ad1ac3ai7ag6ah5af0ag6cc6ac0af6ac4ad8ad9ah8ag5ab5ad6ab7ai5aa5ag7
RDFFNSRASRQX2,aa6aa0bj1ab1ab0aa8ac9aa8ad1ac2ae2af7aa2aa9ae3af3aa7bf3ah0ac4ae6bh8ac9af5ac1bj3bf9af1ba4ag0ab0ai9ab3ah7ba0ai8aj3ba5ab0ae1ad2aj6ac5bb3ab4ba2aj8ah9bg9ad1bg2ab8ah0ad4ad1aj2ac8ad1ac3ad1ac8ai7ag6ah5af0bf0ab0ac0af6ac4ad8ad9bf3ag5ab5ad6ab7ai5aa5ag7
RDFFNSRASRX1,aa6aa0bj1ab1ab0aa8ac9aa8ad1ac2ae2af7aa2aa9ae3af3aa7bf3ca3ac4ae6bh8ac9af5ac1bj3bf9af1ba4ag0ab0ai9ab3ah7ba0ai8aj3ba5ab0ae1ad2aj6ac5bb3ab4ba2aj8ah9bg9ad1bg2ab8ca3ad4bd3aj2ac6bd3ac8ad1ac3ai7ag6ah5af0bf0ab0ac0af6ac4ad8ad9bf3ag5ab5ad6ab7ai5aa5ag7
RDFFNSRASRX2,aa6aa0bj1ab1ab0aa8ac9aa8ad1ac2ae2af7aa2aa9ae3af3aa7bf3cc6ac4ae6bh8ac9af5ac1bj3bf9af1ba4ag0cc6ai9ab3ah7ba0ai8aj3ba5cc6ae1ad2aj6ac5bb3ah1bi0aj8ah9bg9bh9ca4ab8ae5ad4af8aj2ag8ah9ah4ah9cb2ad1bb6ad1ab6ai7ag6ah5af0bf0cc6ac0af6ac4ad8ad9ah8ag5ab5ad6ab7ab3aa5ag7
RDFFNSRASX1,aa6aa0bj1ab1ab0aa8ac9aa8ad1ac2ae2af7aa2aa9ae3af3aa7bf3ca3ac4ae6bh8ac9af5ac1bj3bf9af1ba4ag0ab0ai9ab3ah7ba0ai8aj3ba5ab0ae1ad2aj6ac5bb3ab4ba2aj8ah9bg9ad1bg2ab8ae3ad4bd3aj2ac6ad1ac8ad1ac3ai7ag6ah5af0bf0ab0ac0af6ac4ad8ad9ah8ag5ab5ad6ab7ai5aa5ag7
RDFFNSRASX2,aa6aa0bj1ab1ab0aa8ac9aa8ad1ac2ae2af7aa2aa9ae3af3aa7bf3ca3ac4ae6bh8ac9af5ac1bj3bf9af1ba4ag0cc6ai9ab3ah7ba0ai8aj3ba5cc6ae1ad2aj6ac5bb3ab4ba2aj8ah9bg9ad1bg2ab8ae3ad4ad1aj2ag8af8ah4af8cb2ad1bb6ad1ab6ai7ag6ah5af0bf0cc6ac0af6ac4ad8ad9bf3ag5ab5ad6ab7ai5aa5ag7
RDFFNSRX1,aa6aa0bj1ab1ab0aa8ac9aa8ad1ac2ae2af7aa2aa9be9bg8aa7cd0bj3ac9cb3ac1bj3ba4ag0ab0ai9ab3ah7ba0ai8aj3ba5ab0ae1ad2aj6ac5bb3ab4ba2ah0aj9af9ad4af8aj2ac6ad1ac8ad1ac3ai7ag6ah5af0bf0ab0ac0af6ac4ad8ad9bf3ag5ab5ad6ab7ai5aa5ag7
RDFFNSRX2,aa6aa0bj1ab1ab0aa8ac9aa8ad1ac2ae2af7aa2aa9be9bg8aa7cd0bj3ac9cb3ac1bj3ba4ag0cc6ai9ab3ah7ba0ai8aj3ba5cc6ae1ad2aj6ac5bb3ab4ba2ab0aj9af9ad4af8aj2ag8af8ah4af8cb2ad1bb6ad1ab6ai7ag6ah5af0bf0cc6ac0af6ac4ad8ad9ah8ag5ab5ad6ab7ai5aa5ag7
RDFFNX1,bi1ab0bc3af9bi9ad1cd9ai1bi9bd1ah9bj6bi5be0ad2bc3aa2ah9be5bi0aj0aa2aa3bg6bd8aa4bd1aa4ac9aa4be0ba8ab4bd3bd9ab4ad1ab0ai5cd2ab4bc2ac1ai5ab3ah2ab4af9ab3ad1be3ac6ah9ca0ad1ac3ac4af6ah2ag5be6ah8bh5cc2bg7ah2bh3ag5ab5bb4ag5ab5bj4ag7ab0
RDFFNX2,bi1ab0bc3af9bi9ad1cd9ai1bi9bd1ah9bj6bi5be0ad2bc3aa2ah9be5bi0aj0aa2aa3bg6bd8aa4bd1aa4ac9aa4be0ba8ab4bd3bd9ab4ad1ab0ai5cd2ab4bc2cc0ai5ab3ah2ab4af9ab3ad1be3ag8ah9ah4ah9bf7aa0bb6aa0ab6ac4af6ah2ag5be6ah8bh5cc2bg7ah2bh3ag5ab5bb4ag5ab5bj4ag7ab0
RDFFSRARX1,aa6aa0ai4ab1ab0cd8af9cd8ad1ac2ai1af7aa2aa9ae3af3aa7bf3ab0ac4ae6bg5ac9ag0ac1af1ba4ag0cc6ai9ab3ah7ba0ai8aj3ba5cc6ae1ad2aj6ac5bb3bi9ba2ab0aj9af9ab8ca3ad4bd3aj2ac6bd3ac8ad1ac3ai7ag6ah5af0bf0cc6ac0af6ac4ad8ad9ah8ag5ab5ad6ab7ai5aa5ag7
RDFFSRARX2,aa6aa0ai4ab1ab0cd8af9cd8ad1ac2ai1af7aa2aa9ae3af3aa7bf3ah0ac4ae6bg5ac9ag0ac1af1ba4ag0ab0ai9ab3ah7ba0ai8aj3ba5ab0ae1ad2aj6ac5bb3bi9ba2ab0aj9af9ab8ab0ad4ad1aj2ag8af8ah4af8cb2ad1bb6ad1ab6ai7ag6ah5af0bf0ab0ac0af6ac4ad8ad9bf3ag5ab5ad6ab7ai5aa5ag7
RDFFSRASRX1,aa6aa0bj1ab1ab0aa8af9aa8ad1ac2ai1af7aa2aa9ae3af3aa7bf3ca3ac4ae6bh8ac9af5ac1bj3bf9af1ba4ag0ab0ai9ab3ah7ba0ai8aj3ba5ab0ae1ad2aj6ac5bb3ab4ba2aj8ah9bg9ad1bg2ab8ca3ad4bd3aj2ac6bd3ac8ad1ac3ai7ag6ah5af0bf0ab0ac0af6ac4ad8ad9bf3ag5ab5ad6ab7ai5aa5ag7
RDFFSRASRX2,aa6aa0bj1ab1ab0aa8af9aa8ad1ac2ai1af7aa2aa9ae3af3aa7bf3ae5ac4ae6bh8ac9af5ac1bj3bf9af1ba4ag0cc6ai9ab3ah7ba0ai8aj3ba5cc6ae1ai9aj6aj0be0ah1bi0aj8ah9bg9bh9ca4ab8ae5ad4af8aj2ag8ah9ah4ah9cb2ad1bb6ad1ab6ai7ag6ah5af0bf0cc6ac0af6ac4ad8ad9ah8ag5ab5ad6ab7af1aa5ag7
RDFFSRASX1,aa6aa0bj1ab1ab0aa8af9aa8ad1ac2ai1af7aa2aa9ae3af3aa7bf3ca3ac4ae6bh8ac9af5ac1bj3bf9af1ba4ag0ab0ai9ab3ah7ba0ai8aj3ba5ab0ae1ad2aj6ac5bb3ab4ba2aj8ah9bg9ad1bg2ab8ae3ad4bd3aj2ac6bd3ac8ad1ac3ai7ag6ah5af0bf0ab0ac0af6ac4ad8ad9ah8ag5ab5ad6ab7ai5aa5ag7
RDFFSRASX2,aa6aa0bj1ab1ab0aa8af9aa8ad1ac2ai1af7aa2aa9ae3af3aa7bf3ca3ac4ae6bh8ac9af5ac1bj3bf9af1ba4ag0cc6ai9ab3ah7ba0ai8aj3ba5cc6ae1ad2aj6ac5bb3ab4ba2aj8ah9bg9ad1bg2ab8ae3ad4ad1aj2ag8af8ah4af8cb2ad1bb6ad1ab6ai7ag6ah5af0bf0cc6ac0af6ac4ad8ad9bf3ag5ab5ad6ab7ai5aa5ag7
RDFFSRSSRX1,aj7cc0bj9ae0bh2bb3ac3ba6af3cc5bi9aa6bd3bj1ab1ab0ag0af9cd8ad1ac2ai1af7aa2aa9ae3af3aa7bf3ah0ac4ae6bg5ac9ag0ac1af1ba4ag0cc6ai9ab3ah7ba0ai8aj3ba5cc6ae1ad2aj6ac5bb3bi9ba2ab0aj9af9ab8ae3ad4bd3aj2ac6bd3ac8ad1ac3ai7ag6ah5af0bf0cc6ac0af6ac4ad8ad9bf3ag5ab5ad6ab7ai5aa5ag7
RDFFSRSSRX2,aj7cc0bj9ae0bh2bb3ac3ba6af3cc5bi9aa6bd3bj1ab1ab0ag0af9cd8ad1ac2ai1af7aa2aa9ae3af3aa7bf3ab0ac4ae6bg5ac9ag0ac1af1ba4ag0cc6ai9ab3ah7ba0ai8aj3ba5cc6ae1ai9aj6af7bb3bi9bi0ab0aj9af9ab8ae3ad4af8aj2ag8ah9ah4ah9cb2ad1bb6ad1ab6ai7ag6ah5af0bf0cc6ac0af6ac4ad8ad9ah5ag5ab5ad6ab7af1aa5ag7
RDFFSRX1,aa6aa0bj1ab1ab0aa8af9aa8ad1ac2ai1af7aa2aa9be9bg8aa7cd0bj3ac9cb3ac1bj3ba4ag0ab0ai9ab3ah7ba0ai8aj3ba5ab0ae1ad2aj6ac5bb3ab4ba2ah0aj9af9ad4af8aj2ac6ad1ac8ad1ac3ai7ag6ah5af0bf0ab0ac0af6ac4ad8ad9ah8ag5ab5ad6ab7ai5aa5ag7
RDFFSRX2,aa6aa0bj1ab1ab0aa8af9aa8ad1ac2ai1af7aa2aa9be9bg8aa7cd0bj3ac9cb3ac1bj3ba4ag0cc6ai9ab3ah7ba0ai8aj3ba5cc6ae1ad2aj6ac5bb3ab4ba2ah0aj9af9ad4af8aj2ag8af8ah4af8cb2ad1bb6ad1ab6ai7ag6ah5af0bf0cc6ac0af6ac4ad8ad9bf3ag5ab5ad6ab7ai5aa5ag7
RDFFX1,bi1ab0bc3ab4ac9cc1ae2bi9bd1ah9bj6bi5be0ad2bc3aa2ah9be5bi0aj0aa2aa3bg6bd8aa4bd1aa4ac9aa4be0ba8ab4bd3bd9ab4ad1ab0ai5cd2ab4bc2ac1ai5ab3ah2ab4af9ab3ad1be3ac6ah9ca0ad1ac3ac4af6ah2ag5be6ah8bh5cc2bg7ah2bh3ag5ab5bb4ag5ab5bj4ag7ab0
RDFFX2,bi1ab0bc3ab4ac9cc1ae2bi9bd1ah9bj6bi5be0ad2bc3aa2ah9be5bi0aj0aa2aa3bg6bd8aa4bd1aa4ac9aa4be0ba8ab4bd3bd9ab4ad1ab0ai5cd2ab4bc2cc0ai5ab3ah2ab4af9ab3ad1be3ag8ah9ah4ah9bf7aa0bb6aa0ab6ac4af6ah2ag5be6ah8bh5cc2bg7ah2bh3ag5ab5bb4ag5ab5bj4ag7ab0
RSDFFARX1,ab2bf2bc6af4bf2ac2ah6ae4ad0bb1ae5bb2bb0aa0aa6bf2ag4bi1ab0bc3ab4ac9cc1ae2bi9bd1ah9bj6bi5be0aa8bf9cb1bc3aa2ah9be5bi0aj0aa2aa3bg6bd8aa4bd1aa4ac9aa4be0ba8ab4be0af1bc3bf9ca7bd3bd9ab4ad1ab0ai5cd2ab4bc2ac1ai5ab3ah2ab4af9ab3ad1be3ac6ah9ca0ad1ac3ac4af6ah2ag5be6ah8bh5cc2bg7ah2bh3ag5ab5bb4ag5ab5bj4ag7ab0
RSDFFARX2,ab2bf2bc6af4bf2ac2ah6ab0ad0bb1ab0bb2bb0aa0aa6bf2ag4bi1ab0bc3ab4ac9cc1ae2bi9bd1ah9bj6bi5be0aa8bf9cb1bc3aa2ah9be5bi0aj0aa2aa3bg6bd8aa4bd1aa4ac9aa4be0ba8ab4be0af1bc3bf9ca7bd3bd9ab4ad1ab0ai5cd2ab4bc2cc0ai5ab3ah2ab4af9ab3ad1be3ag8ah9ah4ah9bf7aa0bb6aa0ab6ac4af6ah2ag5be6bf3bh5cc2bg7ah2bh3ag5ab5bb4ag5ab5bj4ag7ab0
RSDFFNARX1,ab2bf2bc6af4bf2ac2ah6ae4ad0bb1ae5bb2bb0aa0aa6bf2ag4bi1ab0bc3af9bi9ad1cd9ai1bi9bd1ah9bj6bi5be0aa8bf9cb1bc3aa2ah9be5bi0aj0aa2aa3bg6bd8aa4bd1aa4ac9aa4be0ba8ab4be0af1bc3bf9ca7bd3bd9ab4ad1ab0ai5cd2ab4bc2ac1ai5ab3ah2ab4af9ab3ad1be3ac6ah9ca0ad1ac3ac4af6ah2ag5be6bf3bh5cc2bg7ah2bh3ag5ab5bb4ag5ab5bj4ag7ab0
RSDFFNARX2,ab2bf2bc6af4bf2ac2ah6ae4ad0bb1ae5bb2bb0aa0aa6bf2ag4bi1ab0bc3af9bi9ad1cd9ai1bi9bd1ah9bj6bi5be0aa8bf9cb1bc3aa2ah9be5bi0aj0aa2aa3bg6bd8aa4bd1aa4ac9aa4be0ba8ab4be0af1bc3bf9ca7bd3bd9ab4ad1ab0ai5cd2ab4bc2cb7ai5ab3ah2ab4af9ab3ad1be3ag8ah9ah4ah9bf7aa0bb6aa0ab6ac4af6ah2ag5be6ah8bh5cc2bg7ah2bh3ag5ab5bb4ag5ab5bj4ag7ab0
RSDFFNSRARX1,ab2bf2bc6af4bf2ac2ah6ae4ad0bb1ae4bb2bb0aa0aa6bf2ag4aa6aa0bc9ab1ab0cd8ac9cd8ad1ac2ae2af7aa2aa9ae3af3aa7bf3ae5ac4ae6bg5ac9ag0ac1af1ba4ag0ab0ai9ab3ah7ba0ai8aj3ba5ab0ae1ad2aj6ac5bb3bi9ba2ab0aj9af9ab8ca3ad4bd3aj2ac6bd3ac8ad1ac3ai7ag6ah5af0bf0ab0ac0af6ac4ad8ad9bf3ag5ab5ad6ab7ai5aa5ag7
RSDFFNSRARX2,ab2bf2bc6af4bf2ac2ah6ae4ad0bb1ae4bb2bb0aa0aa6bf2ag4aa6aa0bc9ab1ab0cd8ac9cd8ad1ac2ae2af7aa2aa9ae3af3aa7bf3ae5ac4ae6bg5ac9ag0ac1af1ba4ag0cc6ai9ab3ah7ba0ai8aj3ba5cc6ae1ad2aj6ac5bb3bi9bi0ab0aj9af9ab8ca3ad4af8aj2ag8ah9ah4ah9cb2ad1bb6ad1ab6ai7ag6ah5af0bf0cc6ac0af6ac4ad8ad9ah8ag5ab5ad6ab7ab3aa5ag7
RSDFFNSRASRNX1,ab2bf2bc6af4bf2ac2ah6ae4ad0bb1ae4bb2bb0aa0aa6bf2ag4aa6aa0bc9ab1ab0aa8ac9aa8ad1ac2ae2af7aa2aa9ae3af3aa7bf3ab0ac4ae6bh8ac9af5ac1bj3bf9af1ba4ag0cc6ai9ab3ah7ba0ai8aj3ba5cc6ae1ad2aj6ac5bb3ab4ba2aj8ah9bg9ad1bg2ab8ca3ad4bd3aj2ac6bd3ac8ai7ag6ah5af0ag6cc6ac0af6ac4ad8ad9ah8ag5ab5ad6ab7ai5aa5ag7
RSDFFNSRASRNX2,ab2bf2bc6af4bf2ac2ah6ae4ad0bb1ae4bb2bb0aa0aa6bf2ag4aa6aa0bc9ab1ab0aa8ac9aa8ad1ac2ae2af7aa2aa9ae3af3aa7bf3ah0ac4ae6bh8ac9af5ac1bj3bf9af1ba4ag0cc6ai9ab3ah7ba0ai8aj3ba5cc6ae1ad2aj6ac5bb3ab4ba2aj8ah9bg9ad1bg2ab8ah0ad4ad1aj2ac6af8ac8af8ac6ai7ag6ah5af0bf0cc6ac0af6ac4ad8ad9bf3ag5ab5ad6ab7ai5aa5ag7
RSDFFNSRASRQX1,ab2bf2bc6af4bf2ac2ah6ae4ad0bb1ae4bb2bb0aa0aa6bf2ag4aa6aa0bc9ab1ab0aa8ac9aa8ad1ac2ae2af7aa2aa9ae3af3aa7bf3ca3ac4ae6bh8ac9af5ac1bj3bf9af1ba4ag0cc6ai9ab3ah7ba0ai8aj3ba5cc6ae1ad2aj6ac5bb3ab4ba2aj8ah9bg9ad1bg2ab8ca3ad4bd3aj2ac8ad1ac3ai7ag6ah5af0bf0cc6ac0af6ac4ad8ad9bf3ag5ab5ad6ab7ai5aa5ag7
RSDFFNSRASRQX2,ab2bf2bc6af4bf2ac2ah6ae4ad0bb1ae4bb2bb0aa0aa6bf2ag4aa6aa0bc9ab1ab0aa8ac9aa8ad1ac2ae2af7aa2aa9ae3af3aa7bf3ae5ac4ae6bh8ac9af5ac1bj3bf9af1ba4ag0cc6ai9ab3ah7ba0ai8aj3ba5cc6ae1ai9ba4af7be0ah1bc2aj8ah9bg9bh9ca4ab8ae5ad4cc0ab8ac8ad1ac3ad1ac8ai7ag6ah5af0bf0cc6ac0af6ac4ad8ad9ah8ag5ab5ad6ab7af1aa5ag7
RSDFFNSRASRX1,ab2bf2bc6af4bf2ac2ah6ae4ad0bb1ae4bb2bb0aa0aa6bf2ag4aa6aa0bc9ab1ab0aa8ac9aa8ad1ac2ae2af7aa2aa9ae3af3aa7bf3ab0ac4ae6bh8ac9af5ac1bj3bf9af1ba4ag0cc6ai9ab3ah7ba0ai8aj3ba5cc6ae1ad2aj6ac5bb3ab4ba2aj8ah9bg9ad1bg2ab8ca3ad4bd3aj2ac6bd3ac8ad1ac3ai7ag6ah5af0ag6cc6ac0af6ac4ad8ad9ah8ag5ab5ad6ab7ai5aa5ag7
RSDFFNSRASRX2,ab2bf2bc6af4bf2ac2ah6ae4ad0bb1ae4bb2bb0aa0aa6bf2ag4aa6aa0bc9ab1ab0aa8ac9aa8ad1ac2ae2af7aa2aa9ae3af3aa7bf3ah0ac4ae6bh8ac9af5ac1bj3bf9af1ba4ag0cc6ai9ab3ah7ba0ai8aj3ba5cc6ae1ad2aj6ac5bb3ab4ba2aj8ah9bg9ad1bg2ab8ah0ad4ad1aj2ag8af8ah4af8cb2ad1bb6ad1ab6ai7ag6ah5af0bf0cc6ac0af6ac4ad8ad9bf3ag5ab5ad6ab7ai5aa5ag7
RSDFFNSRASX1,ab2bf2bc6af4bf2ac2ah6ae4ad0bb1ae4bb2bb0aa0aa6bf2ag4aa6aa0bc9ab1ab0aa8ac9aa8ad1ac2ae2af7aa2aa9ae3af3aa7bf3ca3ac4ae6bh8ac9af5ac1bj3bf9af1ba4ag0cc6ai9ab3ah7ba0ai8aj3ba5cc6ae1ad2aj6ac5bb3ab4ba2aj8ah9bg9ad1bg2ab8ae3ad4bd3aj2ac6bd3ac8ad1ac3ai7ag6ah5af0bf0cc6ac0af6ac4ad8ad9bf3ag5ab5ad6ab7ai5aa5ag7
RSDFFNSRASX2,ab2bf2bc6af4bf2ac2ah6ae4ad0bb1ae4bb2bb0aa0aa6bf2ag4aa6aa0bc9ab1ab0aa8ac9aa8ad1ac2ae2af7aa2aa9ae3af3aa7bf3ae5ac4ae6bh8ac9af5ac1bj3bf9af1ba4ag0cc6ai9ab3ah7ba0ai8aj3ba5cc6ae1ad2aj6aj0be0ah1bi0aj8ah9bg9bh9ca4ab8ae5ad4af8aj2cd1ah9ah4ah9cb2aj1bb6aj1ab6ac4ag6ah5af0bf0cc6ac0af6ac4ad8ad9ah8ag5ab5ad6ab7ai5aa5ag7
RSDFFNSRX1,ab2bf2bc6af4bf2ac2ah6ae4ad0bb1ae4bb2bb0aa0aa6bf2ag4aa6aa0bc9ab1ab0aa8ac9aa8ad1ac2ae2af7aa2aa9be9bg8aa7cd0bj3ac9cb3ac1bj3ba4ag0cc6ai9ab3ah7ba0ai8aj3ba5cc6ae1ad2aj6ac5bb3ab4ba2ah0aj9af9ad4af8aj2ac6ad1ac8ad1ac3ai7ag6ah5af0ag6cc6ac0af6ac4ad8ad9ah8ag5ab5ad6ab7ai5aa5ag7
RSDFFNSRX2,ab2bf2bc6af4bf2ac2ah6ae4ad0bb1ae4bb2bb0aa0aa6bf2ag4aa6aa0bc9ab1ab0aa8ac9aa8ad1ac2ae2af7aa2aa9be9bg8aa7cd0bj3ac9cb3ac1bj3ba4ag0ab0ai9ab3ah7ba0ai8aj3ba5ab0ae1ad2aj6ac5bb3ab4ba2ah0aj9af9ad4af8aj2ag8af8ah4af8cb2ad1bb6ad1ab6ai7ag6ah5af0bf0ab0ac0af6ac4ad8ad9bf3ag5ab5ad6ab7ai5aa5ag7
RSDFFNX1,ab2bf2bc6af4bf2ac2ah6ae4ad0bb1ae4bb2bb0aa0aa6bf2ag4bi1ab0bc3af9bi9ad1cd9ai1bi9bd1ah9bj6bi5be0ad2bc3aa2ah9be5bi0aj0aa2aa3bg6bd8aa4bd1aa4ac9aa4be0ba8ab4bd3bd9ab4ad1ab0ai5cd2ab4bc2ac1ai5ab3ah2ab4af9ab3ad1be3ac6ah9ca0ad1ac3ac4af6ah2ag5be6bf3bh5cc2bg7ah2bh3ag5ab5bb4ag5ab5bj4ag7ab0
RSDFFNX2,ab2bf2bc6af4bf2ac2ah6ae4ad0bb1ae4bb2bb0aa0aa6bf2ag4bi1ab0bc3af9bi9ad1cd9ai1bi9bd1ah9bj6bi5be0ad2bc3aa2ah9be5bi0aj0aa2aa3bg6bd8aa4bd1aa4ac9aa4be0ba8ab4bd3bd9ab4ad1ab0ai5cd2ab4bc2cc0ai5ab3ah2ab4af9ab3ad1be3ag8ah9ah4ah9bf7aa0bb6aa0ab6ac4af6ah2ag5be6bf3bh5cc2bg7ah2bh3ag5ab5bb4ag5ab5bj4ag7ab0
RSDFFSRARX1,ab2bf2bc6af4bf2ac2ah6ae4ad0bb1ae4bb2bb0aa0aa6bf2ag4aa6aa0bc9ab1ab0cd8af9cd8ad1ac2ai1af7aa2aa9ae3af3aa7bf3ae5ac4ae6bg5ac9ag0ac1af1ba4ag0ab0ai9ab3ah7ba0ai8aj3ba5ab0ae1ad2aj6ac5bb3bi9ba2ab0aj9af9ab8ca3ad4bd3aj2ac6bd3ac8ad1ac3ai7ag6ah5af0bf0ab0ac0af6ac4ad8ad9bf3ag5ab5ad6ab7ai5aa5ag7
RSDFFSRARX2,ab2bf2bc6af4bf2ac2ah6ae4ad0bb1ae4bb2bb0aa0aa6bf2ag4aa6aa0bc9ab1ab0cd8af9cd8ad1ac2ai1af7aa2aa9ae3af3aa7bf3ae5ac4ae6bg5ac9ag0ac1af1ba4ag0cc6ai9ab3ah7ba0ai8aj3ba5cc6ae1ad2aj6ac5bb3bi9bi0ab0aj9af9ab8ca3ad4af8aj2ag8ah9ah4ah9cb2ad1bb6ad1ab6ai7ag6ah5af0bf0cc6ac0af6ac4ad8ad9ah8ag5ab5ad6ab7af1aa5ag7
RSDFFSRASRX1,ab2bf2bc6af4bf2ac2ah6ae4ad0bb1ae4bb2bb0aa0aa6bf2ag4aa6aa0bc9ab1ab0aa8af9aa8ad1ac2ai1af7aa2aa9ae3af3aa7bf3ab0ac4ae6bh8ac9af5ac1bj3bf9af1ba4ag0cc6ai9ab3ah7ba0ai8aj3ba5cc6ae1ad2aj6ac5bb3ab4ba2aj8ah9bg9ad1bg2ab8ca3ad4bd3aj2ac6bd3ac8ad1ac3ai7ag6ah5af0bf0cc6ac0af6ac4ad8ad9bf3ag5ab5ad6ab7ai5aa5ag7
RSDFFSRASRX2,ab2bf2bc6af4bf2ac2ah6ae4ad0bb1ae4bb2bb0aa0aa6bf2ag4aa6aa0bc9ab1ab0aa8af9aa8ad1ac2ai1af7aa2aa9ae3af3aa7bf3ah0ac4ae6bh8ac9af5ac1bj3bf9af1ba4ag0cc6ai9ab3ah7ba0ai8aj3ba5cc6ae1ad2aj6ac5bb3ab4ba2aj8ah9bg9ad1bg2ab8ah0ad4ad1aj2ag8af8ah4af8cb2ad1bb6ad1ab6ai7ag6ah5af0bf0cc6ac0af6ac4ad8ad9bf3ag5ab5ad6ab7ai5aa5ag7
RSDFFSRASX1,ab2bf2bc6af4bf2ac2ah6ae4ad0bb1ae4bb2bb0aa0aa6bf2ag4aa6aa0bc9ab1ab0aa8af9aa8ad1ac2ai1af7aa2aa9ae3af3aa7bf3ca3ac4ae6bh8ac9af5ac1bj3bf9af1ba4ag0cc6ai9ab3ah7ba0ai8aj3ba5cc6ae1ad2aj6ac5bb3ab4ba2aj8ah9bg9ad1bg2ab8ae3ad4bd3aj2ac6bd3ac8ad1ac3ai7ag6ah5af0bf0cc6ac0af6ac4ad8ad9bf3ag5ab5ad6ab7ai5aa5ag7
RSDFFSRASX2,ab2bf2bc6af4bf2ac2ah6ae4ad0bb1ae4bb2bb0aa0aa6bf2ag4aa6aa0bc9ab1ab0aa8af9aa8ad1ac2ai1af7aa2aa9ae3af3aa7bf3ae5ac4ae6bh8ac9af5ac1bj3bf9af1ba4ag0cc6ai9ab3ah7ba0ai8aj3ba5cc6ae1af7ba4af7be0ah1bi0aj8ah9bg9bh9ca4ab8ae5ad4af8aj2cd1ah9ae1ah9cb2aj1bb6aj1ab6ac4ag6ah5af0bf0cc6ac0af6ac4ad8ad9ah8ag5ab5ad6ab7ab3aa5ag7
RSDFFSRSSRX1,aj7cc0bj9ae0bh2ac1ac3ah2bj9ba6bi9ag0ah2ai4ae0aj4be9aj4ae0bb2be9bb2ac1bi9ab1ab0ag0af9cd8ad1ac2ai1af7aa2aa9ae3af3aa7bf3ah0ac4ae6bg5ac9ag0ac1af1ba4ag0cc6ai9ab3ah7ba0ai8aj3ba5cc6ae1ad2aj6ac5bb3bi9ba2ab0aj9af9ab8ae3ad4bd3aj2ac6bd3ac8ad1ac3ai7ag6ah5af0aa5cc6ac0af6ac4ad8ad9bf3ag5ab5ad6ab7ai5aa5ag7
RSDFFSRSSRX2,aj7cc0bj9ae0bh2ac1ac3ah2bj9ba6bi9ag0ah2ai4ae0aj4be9aj4ae0bb2be9bb2ac1bi9ab1ab0ag0af9cd8ad1ac2ai1af7aa2aa9ae3af3aa7bf3ah0ac4ae6bg5ac9ag0ac1af1ba4ag0cc6ai9ab3ah7ba0ai8aj3ba5cc6ae1ad2aj6ac5bb3bi9ba2ab0aj9af9ab8ae3ad4ad1aj2ag8af8ah4af8cb2ad1bb6ad1ab6ai7ag6ah5af0bf0cc6ac0af6ac4ad8ad9bf3ag5ab5ad6ab7ai5aa5ag7
RSDFFSRX1,ab2bf2bc6af4bf2ac2ah6ae4ad0bb1ae4bb2bb0aa0aa6bf2ag4aa6aa0bc9ab1ab0aa8af9aa8ad1ac2ai1af7aa2aa9be9bg8aa7cd0bj3ac9cb3ac1bj3ba4ag0cc6ai9ab3ah7ba0ai8aj3ba5cc6ae1ad2aj6ac5bb3ab4ba2ah0aj9af9ad4af8aj2ac6ad1ac8ad1ac3ai7ag6ah5af0bf0cc6ac0af6ac4ad8ad9bf3ag5ab5ad6ab7ai5aa5ag7
RSDFFSRX2,ab2bf2bc6af4bf2ac2ah6ae4ad0bb1ae4bb2bb0aa0aa6bf2ag4aa6aa0bc9ab1ab0aa8af9aa8ad1ac2ai1af7aa2aa9be9bg8aa7cd0bj3ac9cb3ac1bj3ba4ag0ab0ai9ab3ah7ba0ai8aj3ba5ab0ae1ad2aj6ac5bb3ab4ba2ab0aj9af9ad4af8aj2ag8af8ah4af8cb2ad1bb6ad1ab6ai7ag6ah5af0bf0ab0ac0af6ac4ad8ad9ah8ag5ab5ad6ab7ai5aa5ag7
RSDFFX1,ab2bf2bc6af4bf2ac2ah6ae4ad0bb1ae4bb2bb0aa0aa6bf2ag4bi1ab0bc3ab4ac9cc1ae2bi9bd1ah9bj6bi5be0ad2bc3aa2ah9be5bi0aj0aa2aa3bg6bd8aa4bd1aa4ac9aa4be0ba8ab4bd3bd9ab4ad1ab0ai5cd2ab4bc2ac1ai5ab3ah2ab4af9ab3ad1be3ac6ah9ca0ad1ac3ac4af6ah2ag5be6ah8bh5cc2bg7ah2bh3ag5ab5bb4ag5ab5bj4ag7ab0
RSDFFX2,ab2bf2bc6af4bf2ac2ah6ae4ad0bb1ae4bb2bb0aa0aa6bf2ag4bi1ab0bc3ab4ac9cc1ae2bi9bd1ah9bj6bi5be0ad2bc3aa2ah9be5bi0aj0aa2aa3bg6bd8aa4bd1aa4ac9aa4be0ba8ab4bd3bd9ab4ad1ab0ai5cd2ab4bc2cc0ai5ab3ah2ab4af9ab3ad1be3ag8ah9ah4ah9bf7aa0bb6aa0ab6ac4af6ah2ag5be6bf3bh5cc2bg7ah2bh3ag5ab5bb4ag5ab5bj4ag7ab0
SDFFARX1,cd3ai4aj4af4ai4bi2bc6ai4be4af1ae4cd5bj8aa0aa6ag1ab0bd6af9bf4ad1ae7ai1aj5ag9ai6bi6ca4ad1ab5ae5aj8cb4bb9cc6cc3af8ca4ai1ab9be9ah3bf8ae5bd0ac1bi7ae5bh7aa0cd2ah1ai2aa0bb8aa0bb8
SDFFARX2,cd3ai4aj4af4ai4bi2bc6ai4be4ai5ae4cd5bj8aa0aa6ag1ab0bd6af9bf4ad1ae7ai1aj5ag9ai6bi6ca4ad1ab5ae5aj8cb4bb9cc6cc3af8bg3ai1ab9be9ah3bf8ca3bd0ac1bi7be9bh7aa0cd2ah1bb7aa0ai2aa0ba1aa0bh0aa0ab6
SDFFASRSX1,cd3ai4aj4af4ai4bi2bc6ai4be4ai5ae4cd5bj8aa0aa6ag1ab0ab9af9bc7ad1ae7ai1aj5ag9ai6bi6ca4aa3ab5ae5aj8cb4bb9cb4ag3af8aj8ab0be1bc8ab9ae0ah3bh9ae5bd0ac1bi7ah2bh7aa0bg8ab0ac4cd2ah1ai2aa0ab6bh0aa0bb8aa0bb8
SDFFASRSX2,cd3ai4aj4af4ai4bi2bc6ai4be4af1ae4cd5bj8aa0aa6ag1ab0bd6af9bc7ad1ae7ai1aj5ag9ai6bi6ca4aa3ab5ae5aj8ai8bb9aa0ag3be0aj8ab0be1ba4ab9ae0ah3cd5bf5bd0ac1bi7ah2bh7af8bg8ab0ac4aa7ah1bh6af8bb8af8ae9af8ai0aj1be2aj1bb8
SDFFASRX1,cd3ai4aj4af4ai4bi2bc6ai4be4ai5ae4cd5bj8aa0aa6ag1ab0ab9af9bc7ad1ae7ai1aj5ag9ai6bi6ca4ad1ab5ae5aj8cb4bb9cb4ag3af8aj8ab0be1bc8ab9ae0ah3bf8ae5bd0ac1bi7ae5bh7aa0bg8ab0ac4cd2ah1bb7aa0ai2bh0aa0ab6
SDFFASRX2,cd3ai4aj4af4ai4bi2bc6ai4be4ai5ae4cd5bj8aa0aa6ag1ab0ab9af9bc7ad1ae7ai1aj5ag9ai6bi6ca4ad1ab5ae5aj8cb4bb9cb4ag3af8aj8ab0be1bc8ab9ae0ah3bf8ae5bd0ac1bi7ae5bh7aa0bg8ab0ac4cd2ah1bb7aa0ai2aa0ba1aa0bh0aa0ab6
SDFFASX1,cd3ai4aj4af4ai4bi2bc6ai4be4af1ae4cd5bj8aa0aa6ag1ab0bd6af9bc7ad1ae7ai1aj5ag9ai6bi6bg3ad1ad3bg1ca3ag3af8aj8ab0be1bb3ab9ae0ah3bf8af8ah1bi6bh7aa0bg8af8ac4cc0ah1ai2aa0ab6aa0bb8
SDFFASX2,cd3ai4aj4af4ai4bi2bc6ai4be4ai5ae4cd5bj8aa0aa6ag1ab0ab9af9bc7ad1ae7ai1aj5ag9ai6bi6bg3ad1ad3bg1ah5ag3af8aj8ab0be1bb3ab9bf5ah3bf8bh9ah1ag9bh7aa0bg8af8ac4ab0ah1bb7aa0ai2aa0ba1aa0bh0aa0ab6
SDFFNARX1,cd3ai4aj4af4ai4bi2bc6ai4be4af1ae4cd5bj8aa0aa6ag1ab0bd6ac9bf4ad1ae7ae2aj5ag9ai6bi6ca4ad1ab5ae5aj8cb4bb9cc6cc3af8ca4ai1ab9be9ah3bf8cc6bd0ac1bi7ae5bh7aa0cd2ah1ai2aa0ab6aa0bb8
SDFFNARX2,cd3ai4aj4af4ai4bi2bc6ai4be4ai5ae4cd5bj8aa0aa6ag1ab0bd6ac9bf4ad1ae7ae2aj5ag9ai6bi6ca4ad1ab5ae5aj8cb4bb9cc6cc3af8bg3ai1ab9be9ah3bf8ca3bd0ac1bi7be9bh7aa0cd2ah1bb7aa0ai2aa0ba1aa0bh0aa0ab6
SDFFNASRX1,cd3ai4aj4af4ai4bi2bc6ai4be4ai5ae4cd5bj8aa0aa6ag1ab0ab9ai1ab9ab0be0aj5ag9ai6bi6ca4ad1ab5ae5aj8ad8bb9ba6ag3bc8aj8ab0be1cc0ab9ae0ah3bf8ae5bd0ac1bi7ae5bh7aa0bg8ae2ac4cd2ah1ai2aa0ab6aa0bb8
SDFFNASRX2,cd3ai4aj4af4ai4bi2bc6ai4be4ai5ae4cd5bj8aa0aa6ag1ab0ab9ai1ab9ab0be0aj5ag9ai6bi6ca4ad1ab5bf5aj8ba6bb9ba6ag3bc8aj8ab0be1cc0ab9ae0ah3bf8ae5bd0ac1bi7ae5bh7aa0bg8ae2ac4cd2ah1bb7aa0ai2aa0ba1aa0bh0aa0ab6
SDFFNASX1,cd3ai4aj4af4ai4bi2bc6ai4be4af1ae4cd5bj8aa0aa6ag1ab0bd6ac9bf4ad1ae7ae2aj5ag9ai6bi6bg3ad1ba6bg1ba6ag3cc5aj8ab0be1ad1ab9ae0ah3bf8cc0ah1bi6bh7aa0bg8af8ac4ab0ah1ai2aa0ab6aa0bb8
SDFFNASX2,cd3ai4aj4af4ai4bi2bc6ai4be4ai5ae4cd5bj8aa0aa6ag1ab0bd6ac9bf4ad1ae7ae2aj5ag9ai6bi6bg3ad1ba6bg1ba6ag3cc5aj8ab0be1ad1ab9ae0ah3bf8cc0ah1bi6cc2aa0bg8af8ac4cc6ah1bb7aa0ai2aa0ba1aa0bh0aa0ab6
SDFFNX1,cd3ai4aj4af4ai4bi2bc6ai4be4ai5ae4cd5bj8aa0aa6ag1ab0ab9ac9bf4ad1ae7ae2aj5ag9ai6bi6bg3ad1ad3bg1ah8cc3af8be1ai1ab9aa2ah3bf8cc0ah1bi6bh7aa0ab0ah1ai2aa0ab6aa0bb8
SDFFNX2,cd3ai4aj4af4ai4bi2bc6ai4be4af1ae4cd5bj8aa0aa6ag1ab0bd6ac9bf4ad1ae7ae2aj5ag9ai6bi6bg3ad1cb4bg1ah8cc3af8be1ai1ab9aa2ah3bf8cc0ah1ag9cc2aa0ab0ah1bb7aa0ai2aa0ba1aa0bh0aa0ab6
SDFFSSRX1,aj7cc0bj9be9bh2ah2ac3ah0bj9ba6bi9ag0ah2ai4ae0aj4be9aj4ae0ae4be9bg8ac1bi9af9ca5ab0bc3bd3bc0ac9bj9ag9bj9be9bg9bc8bf2cb8ca1ba6bj8ab0cb8ag9aj9aa2bg8ah9ae0ca3bj3ca3ab0bj5bb7bh4ad4aj1bb7
SDFFSSRX2,aj7cc0bj9be9bh2ah2ac3ah0bj9ba6bi9ag0ah2ai4ae0aj4be9aj4ae0ae4be9bg8ac1bi9af9ca5ab0bc3bd3bc0ac9af3ag9af3be9bg3bc8bf2cb8ca1ba6bg8ab0cb8ag9aj9aa2bg8ah9ae0ca3bj3ca3ab0bj5bb7aa0ai2aa0ba1aa0bh0aa0ab6
SDFFX1,cd3ai4aj4af4ai4bi2bc6ai4be4ai5ae4cd5bj8aa0aa6ag1ab0ab9af9bc7ad1ae7ai1aj5ag9ai6bi6bg3ad1ad3bg1ah8cc3af8be1ai1ab9be9ah3bf8cc0ah1bi6bh7aa0ab0ah1ai2aa0ab6aa0bb8
SDFFX2,cd3ai4aj4af4ai4bi2bc6ai4be4af1ae4cd5bj8aa0aa6ag1ab0bd6af9bc7ad1ae7ai1aj5ag9ai6bi6bg3ad1cb4bg1ah8cc3af8be1ai1ab9be9ah3bf8cc0ah1ab0cc2aa0ab0ah1bb7aa0ai2aa0ba1aa0bh0aa0ab6
TIEH,bc5bh9ad5
TIEL,bc5aj1cd1
TNBUFFX16,aa8aj1bg0bf1bf9bh8bf9bf1bf9bf4bc7ah9cb9ah9cd8ah9cd1cb6ah0ae7ah0cb6ah0ae7aj0ad3ae8ad3ba3ad3ae8ad3ba3ad3ae8ad3ba3ad3ae8ad3ba3ad3ae8ad3ba3ad3ae8ad3ba3ad3ae8ad3ba3ad3ae8ad3bc7
TNBUFFX1,be7bf9be7bg7bf9bg7be7ah2be7ah0ae7cb8ad3ac7
TNBUFFX2,be7bf9be7bg7bf9bg7be7ah2be7ah0ae7cb8ad3ae8ad3aa1
TNBUFFX32,bf1aa0bf1cb5aa0ba1aa0cb5bg4aj1ae0aj1bg4bj3aa0ah2aa0bc8bf1bf9aj7bf9cb9bf9aj7bf9cb9bf9aj7bf9cb9ai1cb9aj1ai3aj1cb9aj1ai3aj1cb9aj1ai3aj1cb9bg7ah0cb6ah0bg7ah0cb6ah0bg7ah0cb6ah0bg7aj0ad3ae8ad3ai3ad3ae8ad3ai3ad3ae8ad3ai3ad3ae8ad3ai3ad3ae8ad3ai3ad3ae8ad3ai3ad3ae8ad3ai3ad3ae8ad3ai3ad3ae8ad3ai3ad3ae8ad3ai3ad3ae8ad3ai3ad3ae8ad3ai3ad3ae8ad3ai3ad3ae8ad3ai3ad3ae8ad3ai3ad3ae8ad3ba3
TNBUFFX4,be7bf9be7bf1bf9bf4bc7bh9cd1bd4ah0ae7cb8ad3ae8ad3ba3ad3ae8ad3bc7
TNBUFFX8,bf1bf9bf1cb9bf9be7bf9bg5cb9aj1be8aj1cd1af2ab0bf4ab0ae7aj0ad3ae8ad3ba3ad3ae8ad3ba3ad3ae8ad3ba3ad3ae8ad3bc7
XNOR2X1,af5aa0af2ai0cc5ad0be4aa0ai0af2ba6aa0af2bc8ai0af2bf2cb6cc7aa0cb5
XNOR2X2,bb8aa0bb5bb8aj1aa0cc0aa0bb8af2ba6aa0af2aj1bb8af2ba6bd5cc7aa0cb5aa0ae8
XNOR3X1,ad4aa0af2ai0be0bg8ai7cc0ai0bf9bh4bj8ab4aa7bf9bg2bf2bf4af2bc8af8ae4ae5bg3cb7af8ag9ae4ba6af2bb8aa0bb7
XNOR3X2,cb6aa0bg9ai0be0ad0ai4cc0ai0ae4bh4ba6be3aa7cc3aa6bf2ad4af2aa0ai4bj3ae5af1cb7cd2ae5ae4ba6ac4ae8aa0cb5aa0ae8
XOR2X1,cb6aa0aj5af2aa7ai7ad0aa0af2bf2aa0af2cc0af2ai6ba6cb6cc7aa0cb5
XOR2X2,cb6aa0af2ag0aa7ai7aa0ag0af2bf2ad1af2cc0ag0ai6ba6cb6ba3aa0cd1aa0ac7
XOR3X1,af2aa0ab4aa0af2ae4be0ad0be4ad1ae4cd2bf3ad1bf3cd2ae4aa7ae4aa7ae4bb2bh4af2bf2aj2af2aa0be4af8bh9aa6cb7ae4bi6ah2cc5ad0bb8aa0be2
XOR3X2,ca1aa0bb8aa0ca1be4aa0be3ae4aa0aa7aa0ae4aa7bd0aa7ah2ac4ac1bd0ad1ba6ab5ba6bj9ab5bh9aa7bf5cc5ai4be4ab0ah5ae5ac4bi8aa0aa1aa0bi8
